-- phpMyAdmin SQL Dump
-- version 4.6.6deb5
-- https://www.phpmyadmin.net/
--
-- Servidor: localhost:3306
-- Tiempo de generación: 10-06-2020 a las 12:42:00
-- Versión del servidor: 5.7.30-0ubuntu0.18.04.1
-- Versión de PHP: 7.2.24-0ubuntu0.18.04.6

SET SQL_MODE = "NO_AUTO_VALUE_ON_ZERO";
SET time_zone = "+00:00";


/*!40101 SET @OLD_CHARACTER_SET_CLIENT=@@CHARACTER_SET_CLIENT */;
/*!40101 SET @OLD_CHARACTER_SET_RESULTS=@@CHARACTER_SET_RESULTS */;
/*!40101 SET @OLD_COLLATION_CONNECTION=@@COLLATION_CONNECTION */;
/*!40101 SET NAMES utf8mb4 */;

--
-- Base de datos: `admin_admin_invernadero`
--

-- --------------------------------------------------------

--
-- Estructura de tabla para la tabla `cargo`
--

CREATE TABLE `cargo` (
  `idcargo` int(11) NOT NULL,
  `cargo` varchar(100) NOT NULL
) ENGINE=InnoDB DEFAULT CHARSET=latin1;

--
-- Volcado de datos para la tabla `cargo`
--

INSERT INTO `cargo` (`idcargo`, `cargo`) VALUES
(1, 'Administrador'),
(2, 'Jefe Cultivo'),
(3, 'Empleado');

-- --------------------------------------------------------

--
-- Estructura de tabla para la tabla `datos_sensores`
--

CREATE TABLE `datos_sensores` (
  `idarduino` int(11) NOT NULL,
  `idinvernadero` int(11) NOT NULL,
  `temperatura` float(4,2) NOT NULL,
  `humedad` float(4,2) NOT NULL,
  `riego` float NOT NULL
) ENGINE=InnoDB DEFAULT CHARSET=latin1;

--
-- Volcado de datos para la tabla `datos_sensores`
--

INSERT INTO `datos_sensores` (`idarduino`, `idinvernadero`, `temperatura`, `humedad`, `riego`) VALUES
(1, 1, 72.00, 45.00, 1),
(2, 1, 50.00, 30.00, 1),
(3, 1, 50.00, 72.00, 0),
(4, 1, 55.00, 99.99, 0),
(5, 1, 50.00, 50.00, 0),
(6, 1, 30.00, 12.30, 1),
(7, 1, 25.68, 29.32, 1),
(8, 1, 25.20, 29.30, 0),
(9, 1, 65.00, 45.00, 1),
(10, 1, 18.00, 12.00, 1),
(11, 1, 18.00, 5.00, 1);

-- --------------------------------------------------------

--
-- Estructura de tabla para la tabla `entradas`
--

CREATE TABLE `entradas` (
  `correlativo` int(11) NOT NULL,
  `idfrutilla` int(11) NOT NULL,
  `fecha` datetime NOT NULL DEFAULT CURRENT_TIMESTAMP,
  `cantidad` int(11) NOT NULL,
  `usuario_id` int(11) NOT NULL,
  `estado` int(11) NOT NULL DEFAULT '1'
) ENGINE=InnoDB DEFAULT CHARSET=latin1;

--
-- Volcado de datos para la tabla `entradas`
--

INSERT INTO `entradas` (`correlativo`, `idfrutilla`, `fecha`, `cantidad`, `usuario_id`, `estado`) VALUES
(1, 3, '2020-05-20 14:37:35', 0, 3, 1),
(2, 4, '2020-05-21 16:33:27', 0, 3, 1),
(3, 9, '2020-05-27 21:20:15', 0, 3, 1),
(4, 10, '2020-05-27 21:28:53', 0, 3, 1),
(5, 11, '2020-05-27 23:14:39', 0, 1, 1),
(6, 12, '2020-05-27 23:47:00', 0, 1, 1),
(7, 13, '2020-05-27 23:49:22', 0, 1, 1),
(8, 14, '2020-05-27 23:56:42', 0, 1, 1),
(9, 15, '2020-05-28 00:12:24', 0, 1, 1),
(10, 16, '2020-05-28 00:15:54', 0, 1, 1),
(11, 17, '2020-05-28 00:16:22', 0, 1, 1),
(12, 18, '2020-05-28 00:16:51', 0, 1, 1),
(13, 19, '2020-05-28 00:59:12', 0, 1, 1),
(14, 20, '2020-05-28 01:00:06', 0, 1, 1),
(15, 21, '2020-05-28 01:45:20', 0, 1, 1),
(16, 22, '2020-05-28 01:48:43', 0, 1, 1),
(17, 23, '2020-05-28 01:50:15', 0, 3, 1),
(18, 24, '2020-05-28 01:51:24', 0, 3, 1),
(19, 25, '2020-05-28 01:52:13', 0, 3, 1),
(20, 26, '2020-05-28 01:52:43', 0, 3, 1),
(21, 27, '2020-05-28 01:53:02', 0, 3, 1),
(22, 28, '2020-05-28 01:53:14', 0, 3, 1),
(23, 29, '2020-05-28 01:53:36', 0, 3, 1),
(24, 30, '2020-05-28 01:53:52', 0, 3, 1),
(25, 31, '2020-05-29 03:21:53', 0, 1, 1),
(26, 32, '2020-05-29 03:37:44', 0, 1, 1),
(27, 33, '2020-05-29 17:35:02', 0, 24, 1),
(28, 34, '2020-05-29 17:44:39', 0, 24, 1),
(29, 35, '2020-05-29 17:47:25', 0, 24, 1),
(30, 36, '2020-05-29 17:49:02', 0, 24, 1),
(31, 37, '2020-05-29 18:11:45', 0, 24, 1),
(32, 38, '2020-05-29 20:02:35', 0, 24, 1),
(33, 39, '2020-06-08 00:32:35', 0, 24, 1),
(34, 40, '2020-06-08 18:11:47', 0, 24, 1),
(35, 41, '2020-06-09 16:40:21', 0, 24, 1);

-- --------------------------------------------------------

--
-- Estructura de tabla para la tabla `espacios`
--

CREATE TABLE `espacios` (
  `ides` int(11) NOT NULL,
  `numero` int(11) NOT NULL,
  `disponible` int(11) NOT NULL DEFAULT '1'
) ENGINE=InnoDB DEFAULT CHARSET=latin1;

--
-- Volcado de datos para la tabla `espacios`
--

INSERT INTO `espacios` (`ides`, `numero`, `disponible`) VALUES
(1, 1, 0),
(2, 2, 0),
(3, 3, 0),
(4, 4, 0),
(5, 5, 0),
(6, 6, 0),
(7, 7, 0),
(8, 8, 0);

-- --------------------------------------------------------

--
-- Estructura de tabla para la tabla `eventos`
--

CREATE TABLE `eventos` (
  `id` int(11) NOT NULL,
  `title` varchar(255) NOT NULL,
  `descripcion` text NOT NULL,
  `color` varchar(255) NOT NULL,
  `textColor` varchar(255) NOT NULL,
  `start` datetime NOT NULL,
  `end` datetime NOT NULL
) ENGINE=InnoDB DEFAULT CHARSET=utf8;

--
-- Volcado de datos para la tabla `eventos`
--

INSERT INTO `eventos` (`id`, `title`, `descripcion`, `color`, `textColor`, `start`, `end`) VALUES
(1, 'Mantenimiento Sensor', 'cambiar sensor de temperatura', '#FF0F0', '#FFFFFF', '2020-06-07 00:00:00', '2020-06-10 00:00:00');

-- --------------------------------------------------------

--
-- Estructura de tabla para la tabla `invernadero`
--

CREATE TABLE `invernadero` (
  `idinvernadero` int(11) NOT NULL,
  `idusuario` int(11) NOT NULL,
  `nombre` varchar(100) NOT NULL,
  `ubicacion` varchar(100) NOT NULL,
  `date_add` datetime NOT NULL DEFAULT CURRENT_TIMESTAMP,
  `estatus` int(11) NOT NULL DEFAULT '1'
) ENGINE=InnoDB DEFAULT CHARSET=latin1;

--
-- Volcado de datos para la tabla `invernadero`
--

INSERT INTO `invernadero` (`idinvernadero`, `idusuario`, `nombre`, `ubicacion`, `date_add`, `estatus`) VALUES
(1, 3, 'Frutillas', 'Al fondo a la derecha', '2020-05-10 21:37:10', 1);

-- --------------------------------------------------------

--
-- Estructura de tabla para la tabla `invernaderos`
--

CREATE TABLE `invernaderos` (
  `id` int(10) UNSIGNED NOT NULL,
  `nombre` varchar(255) COLLATE utf8mb4_unicode_ci NOT NULL,
  `ubicacion` varchar(255) COLLATE utf8mb4_unicode_ci NOT NULL,
  `created_at` timestamp NULL DEFAULT NULL,
  `updated_at` timestamp NULL DEFAULT NULL
) ENGINE=InnoDB DEFAULT CHARSET=utf8mb4 COLLATE=utf8mb4_unicode_ci;

--
-- Volcado de datos para la tabla `invernaderos`
--

INSERT INTO `invernaderos` (`id`, `nombre`, `ubicacion`, `created_at`, `updated_at`) VALUES
(1, 'Frutillita 1', 'El alto', NULL, '2020-04-23 00:19:02');

-- --------------------------------------------------------

--
-- Estructura de tabla para la tabla `registro_produccion`
--

CREATE TABLE `registro_produccion` (
  `idfrutilla` int(11) NOT NULL,
  `usuario_id` int(11) NOT NULL,
  `idinvernadero` int(11) NOT NULL,
  `tiempoCosecha` int(11) NOT NULL,
  `dia_siembra` timestamp NOT NULL DEFAULT CURRENT_TIMESTAMP,
  `dia_cosecha` date DEFAULT NULL,
  `temperatura` float(4,2) NOT NULL,
  `humedad` float(4,2) NOT NULL,
  `cantidad` int(11) DEFAULT NULL,
  `descripcion` varchar(100) DEFAULT NULL,
  `estado` int(11) NOT NULL DEFAULT '1',
  `textColor` varchar(255) NOT NULL,
  `espacio` int(11) NOT NULL
) ENGINE=InnoDB DEFAULT CHARSET=latin1;

--
-- Volcado de datos para la tabla `registro_produccion`
--

INSERT INTO `registro_produccion` (`idfrutilla`, `usuario_id`, `idinvernadero`, `tiempoCosecha`, `dia_siembra`, `dia_cosecha`, `temperatura`, `humedad`, `cantidad`, `descripcion`, `estado`, `textColor`, `espacio`) VALUES
(1, 3, 1, 10, '2020-05-14 20:32:22', '2020-05-29', 10.00, 10.00, 0, '', 0, '1', 1),
(2, 3, 1, 18, '2020-05-14 21:37:12', '2020-05-29', 23.00, 12.00, 0, '', 0, '1', 2),
(3, 3, 1, 10, '2020-05-20 14:37:35', '2020-05-29', 20.00, 20.00, 0, '', 0, '1', 3),
(4, 3, 1, 12, '2020-05-21 16:33:27', '2020-05-29', 12.00, 12.00, 0, '', 0, '1', 4),
(9, 3, 1, 45, '2020-05-27 21:20:15', '2020-05-29', 45.00, 45.00, 0, '', 0, '1', 4),
(10, 3, 1, 45, '2020-05-27 21:28:53', '2020-05-29', 45.00, 45.00, 0, '', 0, '1', 5),
(11, 1, 1, 18, '2020-05-27 23:14:39', '2020-05-29', 17.00, 15.00, 0, '', 0, '1', 2),
(12, 1, 1, 25, '2020-05-27 23:47:00', '2020-05-29', 19.00, 45.00, 12, '', 0, '1', 2),
(13, 1, 1, 25, '2020-05-27 23:49:22', '2020-05-29', 18.00, 45.00, 0, '', 0, '1', 2),
(14, 1, 1, 25, '2020-05-27 23:56:42', '2020-05-29', 18.00, 45.00, 0, '', 0, '1', 4),
(15, 1, 1, 25, '2020-05-28 00:12:24', '2020-05-29', 18.00, 45.00, 0, '', 0, '1', 4),
(16, 1, 1, 25, '2020-05-28 00:15:54', '2020-05-29', 18.00, 45.00, 0, '', 0, '1', 4),
(17, 1, 1, 25, '2020-05-28 00:16:22', '2020-05-29', 18.00, 45.00, 0, '', 0, '1', 4),
(18, 1, 1, 25, '2020-05-28 00:16:51', '2020-05-29', 18.00, 45.00, 0, '', 0, '1', 4),
(19, 1, 1, 25, '2020-05-28 00:59:12', '2020-05-29', 18.00, 45.00, 0, '', 0, '1', 4),
(20, 1, 1, 5, '2020-05-28 01:00:06', '2020-05-29', 18.00, 45.00, 0, '', 0, '1', 4),
(21, 1, 1, 25, '2020-05-28 01:45:20', '2020-05-29', 18.00, 45.00, 0, '', 0, '1', 2),
(22, 1, 1, 25, '2020-05-28 01:48:43', '2020-05-29', 18.00, 45.00, 0, '', 0, '1', 4),
(23, 3, 1, 45, '2020-05-28 01:50:15', '2020-05-29', 18.00, 45.00, 0, '', 0, '1', 1),
(24, 3, 1, 45, '2020-05-28 01:51:24', '2020-05-29', 18.00, 45.00, 0, '', 0, '1', 2),
(25, 3, 1, 23, '2020-05-28 01:52:13', '2020-05-29', 18.00, 45.00, 0, '', 1, '#FFFFFF', 3),
(26, 3, 1, 32, '2020-05-28 01:52:43', '2020-05-29', 18.00, 45.00, 0, '', 1, '#FFFFFF', 4),
(27, 3, 1, 12, '2020-05-28 01:53:02', '2020-05-29', 18.00, 45.00, 0, '', 1, '#FFFFFF', 5),
(28, 3, 1, 45, '2020-05-28 01:53:14', '2020-05-29', 18.00, 45.00, 0, '', 1, '#FFFFFF', 6),
(29, 3, 1, 65, '2020-05-28 01:53:36', '2020-05-29', 18.00, 45.00, 0, '', 1, '#FFFFFF', 7),
(30, 3, 1, 85, '2020-05-28 01:53:52', '2020-06-01', 18.00, 45.00, 45, 'Salieron muchas', 0, '1', 8),
(31, 1, 1, 15, '2020-05-29 03:21:53', '2020-05-29', 17.00, 15.00, 0, '', 0, '1', 1),
(32, 1, 1, 15, '2020-05-29 03:37:44', '2020-06-07', 15.00, 15.00, 15, 'asd', 0, '1', 1),
(33, 24, 1, 65, '2020-05-29 17:35:02', '2020-05-29', 18.00, 45.00, 0, '', 0, '1', 2),
(34, 24, 1, 15, '2020-05-29 17:44:39', '2020-05-29', 18.00, 45.00, 15, 'adad', 0, '1', 1),
(35, 24, 1, 25, '2020-05-29 17:47:25', '2020-05-29', 18.00, 45.00, 0, '', 0, '1', 2),
(36, 24, 1, 25, '2020-05-29 17:49:02', '2020-05-29', 18.00, 45.00, 15, 'adad', 0, '1', 2),
(37, 24, 1, 25, '2020-05-29 18:11:45', '2020-06-09', 18.00, 45.00, 32, 'Todas salieron bien', 0, '#FFFFFF', 2),
(38, 24, 1, 25, '2020-05-29 20:02:35', '2020-05-29', 18.00, 45.00, 15, 'dos frutillas de esta cosecha salieron mal', 0, '1', 1),
(39, 24, 1, 21, '2020-06-08 00:32:35', NULL, 18.00, 45.00, 0, NULL, 1, '#FFFFFF', 8),
(40, 24, 1, 15, '2020-06-08 18:11:47', NULL, 18.00, 45.00, 0, NULL, 1, '#FFFFFF', 1),
(41, 24, 1, 10, '2020-06-09 16:40:21', NULL, 18.00, 45.00, 0, NULL, 1, '#FFFFFF', 2);

--
-- Disparadores `registro_produccion`
--
DELIMITER $$
CREATE TRIGGER `entradas_A_I` AFTER INSERT ON `registro_produccion` FOR EACH ROW BEGIN
 	INSERT INTO entradas(idfrutilla, cantidad, usuario_id)
    VALUES(new.idfrutilla, new.cantidad, new.usuario_id);
 END
$$
DELIMITER ;

-- --------------------------------------------------------

--
-- Estructura de tabla para la tabla `respuestas`
--

CREATE TABLE `respuestas` (
  `id` int(11) NOT NULL,
  `comando` text NOT NULL,
  `respuesta` text NOT NULL,
  `tipo` int(11) NOT NULL
) ENGINE=InnoDB DEFAULT CHARSET=latin1;

-- --------------------------------------------------------

--
-- Estructura de tabla para la tabla `sensor`
--

CREATE TABLE `sensor` (
  `id` int(11) NOT NULL,
  `temperatura` float(4,2) NOT NULL,
  `humedad` int(11) NOT NULL,
  `fecha` timestamp NOT NULL DEFAULT CURRENT_TIMESTAMP ON UPDATE CURRENT_TIMESTAMP,
  `riego` int(11) NOT NULL,
  `ventilador` int(11) NOT NULL,
  `foco_noche` int(11) NOT NULL,
  `foco_seco` int(11) NOT NULL
) ENGINE=InnoDB DEFAULT CHARSET=utf8;

--
-- Volcado de datos para la tabla `sensor`
--

INSERT INTO `sensor` (`id`, `temperatura`, `humedad`, `fecha`, `riego`, `ventilador`, `foco_noche`, `foco_seco`) VALUES
(250, 0.00, 530, '2020-06-01 21:30:36', 0, 0, 0, 0),
(251, 0.00, 534, '2020-06-01 21:30:42', 0, 0, 0, 0),
(252, 0.00, 553, '2020-06-01 21:30:47', 0, 0, 0, 0),
(253, 0.00, 543, '2020-06-01 21:30:53', 0, 0, 0, 0),
(254, 0.00, 587, '2020-06-01 21:30:58', 0, 0, 0, 0),
(255, 0.00, 538, '2020-06-01 21:31:04', 0, 0, 0, 0),
(256, 17.00, 614, '2020-06-01 21:31:09', 0, 0, 0, 0),
(257, 17.00, 634, '2020-06-01 21:31:15', 0, 0, 0, 0),
(258, 0.00, 662, '2020-06-01 21:31:20', 0, 0, 0, 0),
(259, 0.00, 640, '2020-06-01 21:31:26', 0, 0, 0, 0),
(260, 0.00, 642, '2020-06-01 21:31:31', 0, 0, 0, 0),
(261, 17.00, 566, '2020-06-01 21:31:36', 0, 0, 0, 0),
(262, 17.00, 604, '2020-06-01 21:31:42', 0, 0, 0, 0),
(263, 17.00, 601, '2020-06-01 21:31:47', 0, 0, 0, 0),
(264, 17.00, 608, '2020-06-01 21:31:53', 0, 0, 0, 0),
(265, 17.00, 603, '2020-06-01 21:31:58', 0, 0, 0, 0),
(266, 17.00, 611, '2020-06-01 21:32:04', 0, 0, 0, 0),
(267, 17.00, 609, '2020-06-01 21:32:10', 0, 0, 0, 0),
(268, 17.00, 619, '2020-06-01 21:32:15', 0, 0, 0, 0),
(269, 17.00, 623, '2020-06-01 21:32:20', 0, 0, 0, 0),
(270, 17.00, 613, '2020-06-01 21:32:26', 0, 0, 0, 0),
(271, 17.00, 621, '2020-06-01 21:32:31', 0, 0, 0, 0),
(272, 17.00, 614, '2020-06-01 21:32:37', 0, 0, 0, 0),
(273, 17.00, 614, '2020-06-01 21:32:42', 0, 0, 0, 0),
(274, 17.00, 595, '2020-06-01 21:32:47', 0, 0, 0, 0),
(275, 17.00, 598, '2020-06-01 21:32:53', 0, 0, 0, 0),
(276, 18.00, 631, '2020-06-01 21:32:58', 0, 0, 0, 0),
(277, 17.00, 601, '2020-06-01 21:33:04', 0, 0, 0, 0),
(278, 17.00, 627, '2020-06-01 21:33:10', 0, 0, 0, 0),
(279, 17.00, 623, '2020-06-01 21:33:15', 0, 0, 0, 0),
(280, 18.00, 630, '2020-06-01 21:33:20', 0, 0, 0, 0),
(281, 17.00, 626, '2020-06-01 21:33:26', 0, 0, 0, 0),
(282, 17.00, 616, '2020-06-01 21:33:31', 0, 0, 0, 0),
(283, 17.00, 623, '2020-06-01 21:33:37', 0, 0, 0, 0),
(284, 17.00, 621, '2020-06-01 21:33:42', 0, 0, 0, 0),
(285, 17.00, 621, '2020-06-01 21:33:48', 0, 0, 0, 0),
(286, 18.00, 628, '2020-06-01 21:33:53', 0, 0, 0, 0),
(287, 18.00, 623, '2020-06-01 21:33:59', 0, 0, 0, 0),
(288, 17.00, 622, '2020-06-01 21:34:04', 0, 0, 0, 0),
(289, 17.00, 623, '2020-06-01 21:34:09', 0, 0, 0, 0),
(290, 17.00, 623, '2020-06-01 21:34:15', 0, 0, 0, 0),
(291, 17.00, 623, '2020-06-01 21:34:20', 0, 0, 0, 0),
(292, 17.00, 624, '2020-06-01 21:34:26', 0, 0, 0, 0),
(293, 17.00, 623, '2020-06-01 21:34:31', 0, 0, 0, 0),
(294, 17.00, 623, '2020-06-01 21:34:37', 0, 0, 0, 0),
(295, 17.00, 622, '2020-06-01 21:34:42', 0, 0, 0, 0),
(296, 17.00, 624, '2020-06-01 21:34:48', 0, 0, 0, 0),
(297, 17.00, 624, '2020-06-01 21:34:53', 0, 0, 0, 0),
(298, 17.00, 622, '2020-06-01 21:34:59', 0, 0, 0, 0),
(299, 17.00, 624, '2020-06-01 21:35:04', 0, 0, 0, 0),
(300, 17.00, 622, '2020-06-01 21:35:09', 0, 0, 0, 0),
(301, 17.00, 627, '2020-06-01 21:35:15', 0, 0, 0, 0),
(302, 17.00, 627, '2020-06-01 21:35:20', 0, 0, 0, 0),
(303, 18.00, 628, '2020-06-01 21:35:26', 0, 0, 0, 0),
(304, 19.00, 618, '2020-06-01 21:35:31', 0, 0, 0, 0),
(305, 21.00, 617, '2020-06-01 21:35:37', 0, 0, 0, 0),
(306, 22.00, 618, '2020-06-01 21:35:42', 0, 0, 0, 0),
(307, 22.00, 614, '2020-06-01 21:35:48', 0, 0, 0, 0),
(308, 22.00, 615, '2020-06-01 21:35:53', 0, 0, 0, 0),
(309, 22.00, 615, '2020-06-01 21:35:59', 0, 0, 0, 0),
(310, 21.00, 617, '2020-06-01 21:36:04', 0, 0, 0, 0),
(311, 21.00, 615, '2020-06-01 21:36:10', 0, 0, 0, 0),
(312, 20.00, 613, '2020-06-01 21:36:15', 0, 0, 0, 0),
(313, 20.00, 616, '2020-06-01 21:36:21', 0, 0, 0, 0),
(314, 19.00, 618, '2020-06-01 21:36:26', 0, 0, 0, 0),
(315, 19.00, 612, '2020-06-01 21:36:31', 0, 0, 0, 0),
(316, 19.00, 622, '2020-06-01 21:36:37', 0, 0, 0, 0),
(317, 19.00, 579, '2020-06-01 21:36:42', 0, 0, 0, 0),
(318, 18.00, 588, '2020-06-01 21:36:48', 0, 0, 0, 0),
(319, 18.00, 558, '2020-06-01 21:36:53', 0, 0, 0, 0),
(320, 18.00, 604, '2020-06-01 21:36:59', 0, 0, 0, 0),
(321, 18.00, 586, '2020-06-01 21:37:04', 0, 0, 0, 0),
(322, 18.00, 593, '2020-06-01 21:37:10', 0, 0, 0, 0),
(323, 17.00, 589, '2020-06-01 21:37:15', 0, 0, 0, 0),
(324, 18.00, 590, '2020-06-01 21:37:21', 0, 0, 0, 0),
(325, 18.00, 599, '2020-06-01 21:37:26', 0, 0, 0, 0),
(326, 18.00, 588, '2020-06-01 21:37:32', 0, 0, 0, 0),
(327, 18.00, 608, '2020-06-01 21:37:37', 0, 0, 0, 0),
(328, 17.00, 589, '2020-06-01 21:37:42', 0, 0, 0, 0),
(329, 18.00, 598, '2020-06-01 21:37:48', 0, 0, 0, 0),
(330, 18.00, 587, '2020-06-01 21:37:53', 0, 0, 0, 0),
(331, 18.00, 598, '2020-06-01 21:37:59', 0, 0, 0, 0),
(332, 18.00, 587, '2020-06-01 21:38:04', 0, 0, 0, 0),
(333, 18.00, 599, '2020-06-01 21:38:10', 0, 0, 0, 0),
(334, 18.00, 588, '2020-06-01 21:38:15', 0, 0, 0, 0),
(335, 18.00, 585, '2020-06-01 21:38:21', 0, 0, 0, 0),
(336, 18.00, 600, '2020-06-01 21:38:26', 0, 0, 0, 0),
(337, 18.00, 588, '2020-06-01 21:38:32', 0, 0, 0, 0),
(338, 17.00, 597, '2020-06-01 21:38:37', 0, 0, 0, 0),
(339, 18.00, 588, '2020-06-01 21:38:43', 0, 0, 0, 0),
(340, 17.00, 600, '2020-06-01 21:38:48', 0, 0, 0, 0),
(341, 17.00, 590, '2020-06-01 21:38:53', 0, 0, 0, 0),
(342, 17.00, 606, '2020-06-01 21:38:59', 0, 0, 0, 0),
(343, 15.00, 489, '2020-06-03 20:13:48', 0, 0, 0, 0),
(344, 15.00, 495, '2020-06-03 20:13:59', 0, 0, 0, 0),
(345, 15.00, 513, '2020-06-03 20:14:08', 0, 0, 0, 0),
(346, 15.00, 526, '2020-06-03 20:14:14', 0, 0, 0, 0),
(347, 16.00, 513, '2020-06-03 20:14:19', 0, 0, 0, 0),
(348, 16.00, 524, '2020-06-03 20:14:25', 0, 0, 0, 0),
(349, 16.00, 513, '2020-06-03 20:14:30', 0, 0, 0, 0),
(350, 16.00, 524, '2020-06-03 20:14:36', 0, 0, 0, 0),
(351, 16.00, 512, '2020-06-03 20:14:41', 0, 0, 0, 0),
(352, 15.00, 528, '2020-06-03 20:14:47', 0, 0, 0, 0),
(353, 16.00, 512, '2020-06-03 20:14:52', 0, 0, 0, 0),
(354, 15.00, 528, '2020-06-03 20:14:58', 0, 0, 0, 0),
(355, 15.00, 513, '2020-06-03 20:15:03', 0, 0, 0, 0),
(356, 15.00, 524, '2020-06-03 20:15:09', 0, 0, 0, 0),
(357, 15.00, 512, '2020-06-03 20:15:14', 0, 0, 0, 0),
(358, 15.00, 512, '2020-06-03 20:15:20', 0, 0, 0, 0),
(359, 15.00, 520, '2020-06-03 20:15:45', 0, 0, 0, 0),
(360, 15.00, 556, '2020-06-03 20:15:50', 0, 0, 0, 0),
(361, 15.00, 433, '2020-06-03 20:22:27', 0, 0, 0, 0),
(362, 16.00, 457, '2020-06-03 20:22:32', 0, 0, 0, 0),
(363, 15.00, 524, '2020-06-03 20:22:38', 0, 0, 0, 0),
(364, 16.00, 525, '2020-06-03 20:22:43', 0, 0, 0, 0),
(365, 15.00, 528, '2020-06-03 20:22:49', 0, 0, 0, 0),
(366, 15.00, 549, '2020-06-03 20:22:54', 0, 0, 0, 0),
(367, 16.00, 532, '2020-06-03 20:23:00', 0, 0, 0, 0),
(368, 16.00, 551, '2020-06-03 20:23:05', 0, 0, 0, 0),
(369, 16.00, 533, '2020-06-03 20:23:11', 0, 0, 0, 0),
(370, 16.00, 393, '2020-06-03 22:12:25', 0, 0, 0, 0),
(371, 16.00, 399, '2020-06-03 22:12:30', 0, 0, 0, 0),
(372, 16.00, 417, '2020-06-03 22:12:35', 0, 0, 0, 0),
(373, 16.00, 421, '2020-06-03 22:12:41', 0, 0, 0, 0),
(374, 16.00, 448, '2020-06-03 22:12:46', 0, 0, 0, 0),
(375, 17.00, 453, '2020-06-03 22:12:52', 0, 0, 0, 0),
(376, 16.00, 458, '2020-06-03 22:12:57', 0, 0, 0, 0),
(377, 16.00, 489, '2020-06-03 22:13:03', 0, 0, 0, 0),
(378, 16.00, 474, '2020-06-03 22:13:08', 0, 0, 0, 0),
(379, 16.00, 486, '2020-06-03 22:13:14', 0, 0, 0, 0),
(380, 16.00, 476, '2020-06-03 22:13:19', 0, 0, 0, 0),
(381, 16.00, 493, '2020-06-03 22:13:25', 0, 0, 0, 0),
(382, 16.00, 467, '2020-06-03 22:13:30', 0, 0, 0, 0),
(383, 16.00, 506, '2020-06-03 22:13:36', 0, 0, 0, 0),
(384, 17.00, 503, '2020-06-03 22:13:41', 0, 0, 0, 0),
(385, 16.00, 524, '2020-06-03 22:13:46', 0, 0, 0, 0),
(386, 16.00, 469, '2020-06-03 22:13:52', 0, 0, 0, 0),
(387, 16.00, 479, '2020-06-03 22:13:57', 0, 0, 0, 0),
(388, 16.00, 468, '2020-06-03 22:14:03', 0, 0, 0, 0),
(389, 16.00, 477, '2020-06-03 22:14:08', 0, 0, 0, 0),
(390, 16.00, 478, '2020-06-03 22:14:14', 0, 0, 0, 0),
(391, 16.00, 464, '2020-06-03 22:14:19', 0, 0, 0, 0),
(392, 16.00, 497, '2020-06-03 22:14:25', 0, 0, 0, 0),
(393, 16.00, 465, '2020-06-03 22:14:30', 0, 0, 0, 0),
(394, 16.00, 492, '2020-06-03 22:14:36', 0, 0, 0, 0),
(395, 16.00, 482, '2020-06-03 22:14:41', 0, 0, 0, 0),
(396, 16.00, 485, '2020-06-03 22:14:47', 0, 0, 0, 0),
(397, 16.00, 483, '2020-06-03 22:14:52', 0, 0, 0, 0),
(398, 17.00, 499, '2020-06-03 22:14:58', 0, 0, 0, 0),
(399, 16.00, 490, '2020-06-03 22:15:03', 0, 0, 0, 0),
(400, 17.00, 503, '2020-06-03 22:15:08', 0, 0, 0, 0),
(401, 16.00, 492, '2020-06-03 22:15:14', 0, 0, 0, 0),
(402, 16.00, 492, '2020-06-03 22:15:19', 0, 0, 0, 0),
(403, 17.00, 504, '2020-06-03 22:15:25', 0, 0, 0, 0),
(404, 16.00, 494, '2020-06-03 22:15:30', 0, 0, 0, 0),
(405, 16.00, 505, '2020-06-03 22:15:36', 0, 0, 0, 0),
(406, 16.00, 495, '2020-06-03 22:15:41', 0, 0, 0, 0),
(407, 16.00, 508, '2020-06-03 22:15:47', 0, 0, 0, 0),
(408, 16.00, 497, '2020-06-03 22:15:52', 0, 0, 0, 0),
(409, 16.00, 504, '2020-06-03 22:15:58', 0, 0, 0, 0),
(410, 16.00, 497, '2020-06-03 22:16:03', 0, 0, 0, 0),
(411, 16.00, 506, '2020-06-03 22:16:09', 0, 0, 0, 0),
(412, 16.00, 498, '2020-06-03 22:16:14', 0, 0, 0, 0),
(413, 16.00, 507, '2020-06-03 22:16:20', 0, 0, 0, 0),
(414, 16.00, 508, '2020-06-03 22:16:25', 0, 0, 0, 0),
(415, 14.00, 414, '2020-06-04 02:24:05', 0, 0, 0, 0),
(416, 14.00, 413, '2020-06-04 02:24:10', 0, 0, 0, 0),
(417, 15.00, 432, '2020-06-04 02:24:16', 0, 0, 0, 0),
(418, 14.00, 444, '2020-06-04 02:24:21', 0, 0, 0, 0),
(419, 15.00, 454, '2020-06-04 02:24:27', 0, 0, 0, 0),
(420, 14.00, 463, '2020-06-04 02:24:32', 0, 0, 0, 0),
(421, 15.00, 481, '2020-06-04 02:24:38', 0, 0, 0, 0),
(422, 15.00, 476, '2020-06-04 02:24:43', 0, 0, 0, 0),
(423, 15.00, 503, '2020-06-04 02:24:49', 0, 0, 0, 0),
(424, 15.00, 498, '2020-06-04 02:24:54', 0, 0, 0, 0),
(425, 15.00, 480, '2020-06-04 02:25:00', 0, 0, 0, 0),
(426, 15.00, 500, '2020-06-04 02:25:05', 0, 0, 0, 0),
(427, 15.00, 483, '2020-06-04 02:25:11', 0, 0, 0, 0),
(428, 15.00, 497, '2020-06-04 02:25:16', 0, 0, 0, 0),
(429, 15.00, 483, '2020-06-04 02:25:22', 0, 0, 0, 0),
(430, 15.00, 501, '2020-06-04 02:25:30', 0, 0, 0, 0),
(431, 15.00, 484, '2020-06-04 02:25:33', 0, 0, 0, 0),
(432, 15.00, 501, '2020-06-04 02:25:38', 0, 0, 0, 0),
(433, 15.00, 502, '2020-06-04 02:25:44', 0, 0, 0, 0),
(434, 15.00, 462, '2020-06-04 02:26:02', 0, 0, 0, 0),
(435, 15.00, 523, '2020-06-04 02:26:07', 0, 0, 0, 0),
(436, 15.00, 493, '2020-06-04 02:26:13', 0, 0, 0, 0),
(437, 15.00, 496, '2020-06-04 02:26:18', 0, 0, 0, 0),
(438, 15.00, 468, '2020-06-04 02:40:27', 0, 1, 0, 0),
(439, 15.00, 488, '2020-06-04 02:40:33', 0, 1, 0, 0),
(440, 15.00, 496, '2020-06-04 02:40:38', 0, 1, 0, 0),
(441, 15.00, 492, '2020-06-04 02:40:43', 0, 1, 0, 0),
(442, 15.00, 500, '2020-06-04 02:40:49', 0, 1, 0, 0),
(443, 15.00, 496, '2020-06-04 02:40:54', 0, 1, 0, 0),
(444, 15.00, 498, '2020-06-04 02:41:00', 0, 1, 0, 0),
(445, 15.00, 497, '2020-06-04 02:41:06', 0, 1, 0, 0),
(446, 15.00, 508, '2020-06-04 02:41:11', 1, 1, 0, 0),
(447, 15.00, 544, '2020-06-04 02:41:16', 1, 1, 0, 0),
(448, 15.00, 487, '2020-06-04 02:41:22', 1, 1, 0, 0),
(449, 15.00, 492, '2020-06-04 02:41:27', 1, 1, 0, 0),
(450, 15.00, 487, '2020-06-04 02:41:33', 1, 1, 0, 0),
(451, 15.00, 493, '2020-06-04 02:41:38', 1, 1, 0, 0),
(452, 15.00, 484, '2020-06-04 02:41:44', 1, 1, 0, 0),
(453, 15.00, 467, '2020-06-04 02:57:17', 0, 1, 0, 0),
(454, 15.00, 480, '2020-06-04 02:57:23', 0, 1, 0, 0),
(455, 15.00, 495, '2020-06-04 02:57:28', 0, 1, 0, 0),
(456, 15.00, 489, '2020-06-04 02:57:33', 0, 1, 0, 0),
(457, 15.00, 499, '2020-06-04 02:57:39', 0, 1, 0, 0),
(458, 15.00, 494, '2020-06-04 02:57:44', 0, 1, 0, 0),
(459, 15.00, 506, '2020-06-04 02:57:50', 0, 1, 0, 0),
(460, 15.00, 495, '2020-06-04 02:57:55', 0, 1, 0, 0),
(461, 15.00, 504, '2020-06-04 02:58:01', 0, 1, 0, 0),
(462, 15.00, 496, '2020-06-04 02:58:06', 0, 1, 0, 0),
(463, 15.00, 502, '2020-06-04 02:58:12', 0, 1, 1, 0),
(464, 15.00, 486, '2020-06-04 02:58:17', 0, 1, 1, 0),
(465, 15.00, 482, '2020-06-04 02:58:23', 0, 1, 1, 0),
(466, 15.00, 487, '2020-06-04 02:58:28', 0, 1, 1, 0),
(467, 15.00, 490, '2020-06-04 02:58:34', 0, 1, 1, 0),
(468, 15.00, 487, '2020-06-04 02:58:39', 0, 1, 1, 0),
(469, 15.00, 482, '2020-06-04 02:58:45', 0, 1, 1, 0),
(470, 15.00, 487, '2020-06-04 02:58:50', 0, 1, 1, 0),
(471, 15.00, 483, '2020-06-04 02:58:56', 0, 1, 1, 0),
(472, 15.00, 494, '2020-06-04 02:59:01', 0, 1, 1, 0),
(473, 15.00, 506, '2020-06-07 20:56:10', 0, 0, 0, 0),
(474, 18.00, 495, '2020-06-07 21:15:10', 0, 1, 0, 0),
(475, 18.00, 504, '2020-06-07 21:15:19', 0, 1, 0, 0),
(476, 18.00, 511, '2020-06-07 21:15:24', 0, 1, 0, 0),
(477, 18.00, 510, '2020-06-07 21:15:30', 0, 1, 0, 0),
(478, 18.00, 499, '2020-06-07 21:15:35', 0, 1, 0, 0),
(479, 18.00, 510, '2020-06-07 21:15:40', 0, 1, 0, 0),
(480, 18.00, 499, '2020-06-07 21:15:46', 0, 1, 0, 0),
(481, 18.00, 514, '2020-06-07 21:15:51', 0, 1, 0, 0),
(482, 18.00, 498, '2020-06-07 21:15:57', 0, 1, 1, 0),
(483, 18.00, 497, '2020-06-07 21:16:02', 0, 1, 1, 0),
(484, 19.00, 528, '2020-06-07 21:16:08', 0, 1, 1, 0),
(485, 18.00, 509, '2020-06-07 21:16:13', 0, 1, 1, 0),
(486, 19.00, 530, '2020-06-07 21:16:19', 1, 1, 1, 0),
(487, 18.00, 547, '2020-06-07 21:16:24', 1, 1, 1, 0),
(488, 18.00, 505, '2020-06-07 21:16:30', 1, 1, 1, 0),
(489, 18.00, 510, '2020-06-07 21:16:35', 1, 1, 1, 0),
(490, 18.00, 503, '2020-06-07 21:16:41', 1, 1, 1, 0),
(491, 18.00, 519, '2020-06-07 21:16:46', 1, 1, 1, 0),
(492, 18.00, 526, '2020-06-07 21:16:52', 1, 1, 1, 0),
(493, 18.00, 517, '2020-06-07 21:16:57', 1, 1, 1, 0),
(494, 18.00, 526, '2020-06-07 21:17:03', 1, 1, 1, 0),
(495, 18.00, 518, '2020-06-07 21:17:08', 1, 1, 1, 0),
(496, 18.00, 518, '2020-06-07 21:17:14', 1, 1, 1, 0),
(497, 19.00, 514, '2020-06-07 21:17:19', 1, 1, 1, 0),
(498, 18.00, 514, '2020-06-07 21:17:24', 1, 1, 1, 0),
(499, 18.00, 514, '2020-06-07 21:17:30', 1, 1, 1, 0),
(500, 19.00, 504, '2020-06-07 21:18:18', 0, 1, 0, 0),
(501, 18.00, 526, '2020-06-07 21:18:24', 0, 1, 0, 0),
(502, 18.00, 541, '2020-06-07 21:18:29', 0, 1, 0, 0),
(503, 18.00, 530, '2020-06-07 21:18:35', 0, 1, 0, 0),
(504, 18.00, 527, '2020-06-07 21:18:40', 0, 1, 0, 0),
(505, 18.00, 537, '2020-06-07 21:18:46', 0, 1, 0, 0),
(506, 18.00, 527, '2020-06-07 21:18:51', 0, 1, 0, 0),
(507, 18.00, 536, '2020-06-07 21:18:56', 0, 1, 0, 0),
(508, 19.00, 527, '2020-06-07 21:19:02', 0, 1, 0, 0),
(509, 18.00, 524, '2020-06-07 21:19:07', 0, 1, 0, 0),
(510, 19.00, 524, '2020-06-07 21:19:13', 0, 1, 1, 0),
(511, 19.00, 510, '2020-06-07 21:19:18', 0, 1, 1, 0),
(512, 18.00, 505, '2020-06-07 21:19:24', 0, 1, 1, 0),
(513, 18.00, 517, '2020-06-07 21:19:29', 0, 1, 1, 0),
(514, 18.00, 541, '2020-06-07 21:19:35', 0, 1, 1, 0),
(515, 18.00, 539, '2020-06-07 21:19:40', 0, 1, 1, 0),
(516, 19.00, 524, '2020-06-07 21:19:46', 0, 1, 1, 0),
(517, 19.00, 538, '2020-06-07 21:19:51', 0, 1, 1, 0),
(518, 19.00, 531, '2020-06-07 21:19:57', 0, 1, 1, 0),
(519, 19.00, 541, '2020-06-07 21:36:19', 0, 0, 0, 0),
(520, 18.00, 443, '2020-06-07 21:38:32', 0, 1, 0, 0),
(521, 18.00, 449, '2020-06-07 21:38:37', 0, 1, 0, 0),
(522, 18.00, 477, '2020-06-07 21:38:42', 0, 1, 0, 0),
(523, 18.00, 474, '2020-06-07 21:38:48', 0, 1, 0, 0),
(524, 18.00, 493, '2020-06-07 21:38:53', 0, 1, 1, 0),
(525, 18.00, 489, '2020-06-07 21:38:59', 0, 1, 1, 0),
(526, 19.00, 499, '2020-06-07 21:39:04', 0, 1, 1, 0),
(527, 18.00, 521, '2020-06-07 21:39:10', 0, 1, 1, 0),
(528, 19.00, 530, '2020-06-07 21:39:15', 0, 1, 1, 0),
(529, 18.00, 542, '2020-06-07 21:39:21', 0, 1, 1, 0),
(530, 18.00, 543, '2020-06-07 21:39:26', 0, 1, 1, 0),
(531, 18.00, 533, '2020-06-07 21:39:32', 0, 1, 1, 0),
(532, 18.00, 544, '2020-06-07 21:39:37', 0, 1, 1, 0),
(533, 19.00, 538, '2020-06-07 21:39:43', 0, 1, 1, 0),
(534, 18.00, 459, '2020-06-07 21:47:00', 0, 1, 0, 0),
(535, 18.00, 503, '2020-06-07 21:47:19', 0, 1, 0, 0),
(536, 18.00, 503, '2020-06-07 21:47:19', 0, 0, 0, 0),
(537, 18.00, 542, '2020-06-07 21:47:24', 0, 1, 0, 0),
(538, 18.00, 542, '2020-06-07 21:47:24', 0, 0, 0, 0),
(539, 18.00, 531, '2020-06-07 21:47:30', 0, 1, 0, 0),
(540, 18.00, 531, '2020-06-07 21:47:30', 0, 0, 0, 0),
(541, 18.00, 543, '2020-06-07 21:47:35', 0, 1, 0, 0),
(542, 18.00, 543, '2020-06-07 21:47:35', 0, 0, 0, 0),
(543, 18.00, 529, '2020-06-07 21:47:41', 0, 1, 0, 0),
(544, 18.00, 529, '2020-06-07 21:47:41', 0, 0, 0, 0),
(545, 18.00, 545, '2020-06-07 21:47:46', 0, 1, 0, 0),
(546, 18.00, 545, '2020-06-07 21:47:46', 0, 0, 0, 0),
(547, 19.00, 540, '2020-06-07 21:47:52', 0, 1, 0, 0),
(548, 19.00, 540, '2020-06-07 21:47:52', 0, 0, 0, 0),
(549, 19.00, 531, '2020-06-07 21:47:57', 0, 1, 1, 0),
(550, 19.00, 531, '2020-06-07 21:47:57', 0, 0, 0, 0),
(551, 18.00, 510, '2020-06-07 21:48:03', 0, 1, 1, 0),
(552, 18.00, 510, '2020-06-07 21:48:03', 0, 0, 0, 0),
(553, 18.00, 522, '2020-06-07 21:48:08', 0, 1, 1, 0),
(554, 18.00, 522, '2020-06-07 21:48:08', 0, 0, 0, 0),
(555, 18.00, 524, '2020-06-07 21:48:13', 0, 1, 1, 0),
(556, 18.00, 524, '2020-06-07 21:48:13', 0, 0, 0, 0),
(557, 18.00, 515, '2020-06-07 21:48:19', 0, 1, 1, 0),
(558, 18.00, 515, '2020-06-07 21:48:19', 0, 0, 0, 0),
(559, 18.00, 509, '2020-06-07 21:48:24', 0, 1, 1, 0),
(560, 18.00, 509, '2020-06-07 21:48:24', 0, 0, 0, 0),
(561, 19.00, 453, '2020-06-07 22:04:38', 0, 1, 0, 0),
(562, 19.00, 453, '2020-06-07 22:04:38', 0, 0, 0, 0),
(563, 18.00, 440, '2020-06-07 22:04:43', 0, 1, 0, 0),
(564, 18.00, 440, '2020-06-07 22:04:43', 0, 0, 0, 0),
(565, 19.00, 519, '2020-06-07 22:12:03', 0, 1, 0, 0),
(566, 19.00, 564, '2020-06-07 22:12:08', 0, 1, 0, 0),
(567, 19.00, 545, '2020-06-07 22:12:14', 0, 1, 0, 0),
(568, 19.00, 563, '2020-06-07 22:12:19', 0, 1, 0, 0),
(569, 19.00, 544, '2020-06-07 22:12:25', 0, 1, 0, 0),
(570, 19.00, 555, '2020-06-07 22:12:30', 0, 1, 1, 0),
(571, 19.00, 522, '2020-06-07 22:12:35', 0, 1, 1, 0),
(572, 19.00, 532, '2020-06-07 22:12:41', 0, 1, 0, 0),
(573, 19.00, 562, '2020-06-07 22:12:46', 0, 1, 0, 0),
(574, 19.00, 555, '2020-06-07 22:12:52', 1, 1, 0, 0),
(575, 19.00, 570, '2020-06-07 22:12:57', 0, 1, 0, 0),
(576, 23.00, 530, '2020-06-08 19:32:29', 0, 1, 0, 0),
(577, 18.00, 450, '2020-06-08 23:16:01', 0, 1, 0, 0),
(578, 18.00, 460, '2020-06-08 23:16:06', 0, 1, 0, 0),
(579, 17.00, 494, '2020-06-08 23:16:12', 0, 1, 0, 0),
(580, 17.00, 486, '2020-06-08 23:16:17', 0, 1, 0, 0),
(581, 18.00, 490, '2020-06-08 23:16:23', 0, 1, 0, 0),
(582, 18.00, 521, '2020-06-08 23:16:28', 0, 1, 0, 0),
(583, 17.00, 503, '2020-06-08 23:16:34', 0, 1, 0, 0),
(584, 16.00, 467, '2020-06-10 03:01:59', 0, 1, 0, 0),
(585, 16.00, 423, '2020-06-10 03:28:59', 0, 1, 0, 0),
(586, 16.00, 449, '2020-06-10 03:29:04', 0, 1, 0, 0),
(587, 16.00, 474, '2020-06-10 03:29:09', 0, 1, 0, 0),
(588, 16.00, 484, '2020-06-10 03:29:14', 0, 1, 0, 0),
(589, 16.00, 480, '2020-06-10 03:29:20', 0, 1, 0, 0),
(590, 16.00, 505, '2020-06-10 03:29:25', 0, 1, 0, 0),
(591, 16.00, 492, '2020-06-10 03:29:31', 0, 1, 0, 0),
(592, 16.00, 509, '2020-06-10 03:29:36', 0, 1, 0, 0),
(593, 16.00, 495, '2020-06-10 03:29:42', 0, 1, 0, 0),
(594, 16.00, 506, '2020-06-10 03:29:47', 0, 1, 0, 0),
(595, 16.00, 496, '2020-06-10 03:29:53', 0, 1, 0, 0),
(596, 16.00, 505, '2020-06-10 03:29:58', 0, 1, 0, 0),
(597, 16.00, 497, '2020-06-10 03:30:04', 0, 1, 0, 0),
(598, 16.00, 507, '2020-06-10 03:30:09', 0, 1, 0, 0),
(599, 16.00, 501, '2020-06-10 03:30:15', 0, 1, 0, 0),
(600, 16.00, 506, '2020-06-10 03:30:20', 0, 1, 0, 0),
(601, 16.00, 510, '2020-06-10 03:30:26', 0, 1, 0, 0),
(602, 16.00, 498, '2020-06-10 03:30:31', 0, 1, 0, 0),
(603, 16.00, 508, '2020-06-10 03:30:37', 0, 1, 0, 0),
(604, 16.00, 499, '2020-06-10 03:30:42', 0, 1, 0, 0),
(605, 16.00, 509, '2020-06-10 03:30:47', 0, 1, 0, 0),
(606, 16.00, 500, '2020-06-10 03:30:53', 0, 1, 0, 0),
(607, 16.00, 509, '2020-06-10 03:30:58', 0, 1, 0, 0),
(608, 16.00, 500, '2020-06-10 03:31:04', 0, 1, 0, 0),
(609, 16.00, 513, '2020-06-10 03:31:09', 0, 1, 0, 0),
(610, 16.00, 500, '2020-06-10 03:31:15', 0, 1, 0, 0),
(611, 16.00, 511, '2020-06-10 03:31:20', 0, 1, 0, 0),
(612, 16.00, 512, '2020-06-10 03:31:26', 0, 1, 0, 0),
(613, 16.00, 499, '2020-06-10 03:31:31', 0, 1, 0, 0),
(614, 16.00, 509, '2020-06-10 03:31:37', 0, 1, 0, 0),
(615, 16.00, 500, '2020-06-10 03:31:42', 0, 1, 0, 0),
(616, 16.00, 514, '2020-06-10 03:31:48', 0, 1, 0, 0),
(617, 16.00, 502, '2020-06-10 03:31:53', 0, 1, 0, 0),
(618, 16.00, 511, '2020-06-10 03:31:59', 0, 1, 0, 0),
(619, 16.00, 506, '2020-06-10 03:32:04', 0, 1, 0, 0),
(620, 16.00, 514, '2020-06-10 03:32:09', 0, 1, 0, 0),
(621, 16.00, 502, '2020-06-10 03:32:15', 0, 1, 0, 0),
(622, 16.00, 500, '2020-06-10 03:32:20', 0, 1, 0, 0),
(623, 16.00, 517, '2020-06-10 03:32:26', 0, 1, 0, 0),
(624, 16.00, 501, '2020-06-10 03:32:31', 0, 1, 0, 0),
(625, 16.00, 511, '2020-06-10 03:32:37', 0, 1, 0, 0),
(626, 16.00, 501, '2020-06-10 03:32:42', 0, 1, 0, 0),
(627, 16.00, 515, '2020-06-10 03:32:48', 0, 1, 0, 0),
(628, 16.00, 503, '2020-06-10 03:32:53', 0, 1, 0, 0),
(629, 16.00, 517, '2020-06-10 03:32:59', 0, 1, 0, 0),
(630, 16.00, 514, '2020-06-10 03:33:04', 0, 1, 0, 0),
(631, 16.00, 500, '2020-06-10 03:33:10', 0, 1, 0, 0),
(632, 16.00, 507, '2020-06-10 03:33:15', 0, 1, 0, 0),
(633, 16.00, 504, '2020-06-10 03:33:21', 1, 1, 0, 0),
(634, 16.00, 552, '2020-06-10 03:33:26', 1, 1, 0, 0),
(635, 16.00, 526, '2020-06-10 03:33:32', 0, 1, 0, 0),
(636, 16.00, 520, '2020-06-10 03:33:37', 0, 1, 0, 0),
(637, 16.00, 512, '2020-06-10 03:33:43', 0, 1, 0, 0),
(638, 16.00, 510, '2020-06-10 03:33:48', 0, 1, 0, 0),
(639, 16.00, 519, '2020-06-10 03:33:54', 0, 1, 0, 0),
(640, 16.00, 511, '2020-06-10 03:33:59', 0, 1, 0, 0),
(641, 16.00, 521, '2020-06-10 03:34:05', 0, 1, 0, 0),
(642, 16.00, 509, '2020-06-10 03:34:10', 0, 1, 0, 0),
(643, 16.00, 517, '2020-06-10 03:34:15', 0, 1, 0, 0),
(644, 16.00, 509, '2020-06-10 03:34:21', 0, 1, 0, 0),
(645, 16.00, 521, '2020-06-10 03:34:26', 0, 1, 0, 0),
(646, 16.00, 510, '2020-06-10 03:34:32', 0, 1, 0, 0),
(647, 16.00, 522, '2020-06-10 03:34:37', 0, 1, 0, 0),
(648, 16.00, 443, '2020-06-10 03:36:40', 0, 1, 0, 0),
(649, 16.00, 464, '2020-06-10 03:36:45', 0, 1, 0, 0),
(650, 16.00, 493, '2020-06-10 03:36:51', 0, 1, 0, 0),
(651, 16.00, 534, '2020-06-10 03:36:56', 0, 1, 0, 0),
(652, 16.00, 525, '2020-06-10 03:37:02', 0, 1, 0, 0),
(653, 16.00, 539, '2020-06-10 03:37:07', 0, 1, 0, 0),
(654, 16.00, 539, '2020-06-10 03:37:16', 0, 1, 0, 0),
(655, 16.00, 528, '2020-06-10 03:37:18', 0, 1, 0, 0),
(656, 16.00, 539, '2020-06-10 03:37:24', 0, 1, 0, 0),
(657, 16.00, 547, '2020-06-10 03:37:29', 0, 1, 0, 0),
(658, 16.00, 529, '2020-06-10 03:37:35', 0, 1, 0, 0),
(659, 16.00, 539, '2020-06-10 03:37:40', 0, 1, 0, 0),
(660, 16.00, 504, '2020-06-10 03:38:04', 0, 1, 0, 0),
(661, 16.00, 532, '2020-06-10 03:38:10', 0, 1, 0, 0),
(662, 16.00, 532, '2020-06-10 03:38:15', 0, 1, 0, 0),
(663, 16.00, 546, '2020-06-10 03:38:21', 0, 1, 0, 0),
(664, 16.00, 532, '2020-06-10 03:38:27', 0, 1, 0, 0),
(665, 16.00, 531, '2020-06-10 03:38:32', 0, 1, 0, 0),
(666, 16.00, 542, '2020-06-10 03:38:38', 0, 1, 0, 0),
(667, 16.00, 531, '2020-06-10 03:38:43', 0, 1, 0, 0),
(668, 16.00, 531, '2020-06-10 03:38:49', 0, 1, 0, 0),
(669, 16.00, 540, '2020-06-10 03:39:45', 0, 0, 0, 0),
(670, 16.00, 443, '2020-06-10 03:40:32', 0, 1, 0, 0),
(671, 16.00, 472, '2020-06-10 03:40:38', 0, 1, 0, 0),
(672, 16.00, 515, '2020-06-10 03:40:43', 0, 1, 0, 0),
(673, 16.00, 535, '2020-06-10 03:40:49', 0, 1, 0, 0),
(674, 16.00, 532, '2020-06-10 03:40:54', 0, 1, 0, 0),
(675, 16.00, 511, '2020-06-10 03:41:00', 0, 1, 0, 0),
(676, 16.00, 519, '2020-06-10 03:41:05', 1, 1, 0, 0),
(677, 16.00, 541, '2020-06-10 03:41:11', 1, 1, 0, 0),
(678, 16.00, 545, '2020-06-10 03:41:16', 0, 1, 0, 0),
(679, 16.00, 525, '2020-06-10 03:41:22', 0, 1, 0, 0),
(680, 16.00, 524, '2020-06-10 03:41:28', 0, 1, 0, 0),
(681, 16.00, 510, '2020-06-10 03:41:33', 0, 1, 0, 0),
(682, 16.00, 519, '2020-06-10 03:41:39', 0, 1, 0, 0),
(683, 16.00, 525, '2020-06-10 03:41:45', 0, 1, 0, 0),
(684, 16.00, 510, '2020-06-10 03:41:50', 0, 1, 0, 0),
(685, 16.00, 517, '2020-06-10 03:41:55', 0, 1, 0, 0),
(686, 16.00, 541, '2020-06-10 03:42:01', 0, 1, 0, 0),
(687, 16.00, 528, '2020-06-10 03:42:06', 0, 1, 0, 0),
(688, 16.00, 539, '2020-06-10 03:42:12', 0, 1, 0, 0),
(689, 16.00, 541, '2020-06-10 03:42:17', 0, 1, 0, 0),
(690, 16.00, 533, '2020-06-10 03:42:23', 0, 1, 0, 0),
(691, 16.00, 540, '2020-06-10 03:42:29', 0, 1, 0, 0),
(692, 16.00, 541, '2020-06-10 03:42:34', 0, 1, 0, 0),
(693, 16.00, 533, '2020-06-10 03:42:40', 0, 1, 0, 0),
(694, 16.00, 543, '2020-06-10 03:42:45', 0, 1, 0, 0),
(695, 16.00, 544, '2020-06-10 03:42:51', 0, 1, 0, 0),
(696, 16.00, 537, '2020-06-10 03:42:56', 0, 1, 0, 0),
(697, 16.00, 541, '2020-06-10 03:43:02', 0, 1, 1, 0),
(698, 16.00, 431, '2020-06-10 03:43:43', 0, 1, 0, 0),
(699, 16.00, 501, '2020-06-10 03:43:49', 0, 1, 0, 0),
(700, 16.00, 510, '2020-06-10 03:43:54', 0, 1, 0, 0),
(701, 16.00, 521, '2020-06-10 03:44:00', 0, 1, 0, 0),
(702, 16.00, 513, '2020-06-10 03:44:05', 0, 1, 0, 0),
(703, 16.00, 513, '2020-06-10 03:44:11', 0, 1, 0, 0),
(704, 16.00, 523, '2020-06-10 03:44:16', 0, 1, 0, 0),
(705, 16.00, 517, '2020-06-10 03:44:22', 0, 1, 0, 0),
(706, 16.00, 518, '2020-06-10 03:44:27', 0, 1, 0, 0),
(707, 16.00, 526, '2020-06-10 03:44:33', 0, 1, 1, 0),
(708, 16.00, 512, '2020-06-10 03:44:39', 0, 1, 1, 0),
(709, 16.00, 505, '2020-06-10 03:44:44', 0, 1, 0, 0),
(710, 16.00, 512, '2020-06-10 03:44:50', 0, 1, 0, 0),
(711, 16.00, 526, '2020-06-10 03:44:55', 0, 1, 0, 0),
(712, 15.00, 523, '2020-06-10 03:45:01', 0, 1, 0, 0),
(713, 16.00, 524, '2020-06-10 03:45:07', 0, 1, 1, 0),
(714, 16.00, 500, '2020-06-10 03:45:12', 0, 1, 1, 0),
(715, 16.00, 510, '2020-06-10 03:45:17', 0, 1, 0, 0),
(716, 16.00, 525, '2020-06-10 03:45:23', 0, 1, 0, 0),
(717, 16.00, 511, '2020-06-10 03:45:28', 0, 1, 0, 0),
(718, 16.00, 515, '2020-06-10 03:45:34', 0, 1, 0, 0),
(719, 16.00, 516, '2020-06-10 03:45:40', 0, 1, 0, 0),
(720, 16.00, 399, '2020-06-10 04:14:55', 0, 1, 0, 0),
(721, 16.00, 412, '2020-06-10 04:15:00', 0, 1, 0, 0),
(722, 16.00, 437, '2020-06-10 04:15:05', 0, 1, 0, 0),
(723, 16.00, 460, '2020-06-10 04:15:11', 0, 1, 0, 0),
(724, 16.00, 469, '2020-06-10 04:15:16', 0, 1, 0, 0),
(725, 16.00, 476, '2020-06-10 04:15:22', 0, 1, 0, 0),
(726, 16.00, 499, '2020-06-10 04:15:27', 0, 1, 0, 0),
(727, 16.00, 501, '2020-06-10 04:15:33', 0, 1, 0, 0),
(728, 16.00, 507, '2020-06-10 04:15:38', 0, 1, 0, 0),
(729, 16.00, 523, '2020-06-10 04:15:44', 0, 1, 0, 0),
(730, 16.00, 514, '2020-06-10 04:15:49', 0, 1, 0, 0),
(731, 16.00, 524, '2020-06-10 04:15:55', 0, 1, 0, 0),
(732, 16.00, 537, '2020-06-10 04:16:01', 0, 1, 0, 0),
(733, 16.00, 521, '2020-06-10 04:16:06', 0, 1, 0, 0),
(734, 16.00, 534, '2020-06-10 04:16:12', 0, 1, 0, 0);

-- --------------------------------------------------------

--
-- Estructura de tabla para la tabla `usuario`
--

CREATE TABLE `usuario` (
  `idusuario` int(11) NOT NULL,
  `cargo` int(11) NOT NULL,
  `nombre` varchar(100) NOT NULL,
  `apellido` varchar(100) NOT NULL,
  `usuario` varchar(100) NOT NULL,
  `password` varchar(100) NOT NULL,
  `celular` int(11) NOT NULL,
  `genero` int(11) NOT NULL,
  `foto` text,
  `estado` int(11) NOT NULL DEFAULT '1'
) ENGINE=InnoDB DEFAULT CHARSET=latin1;

--
-- Volcado de datos para la tabla `usuario`
--

INSERT INTO `usuario` (`idusuario`, `cargo`, `nombre`, `apellido`, `usuario`, `password`, `celular`, `genero`, `foto`, `estado`) VALUES
(1, 1, 'admin', 'admin', 'admin', '21232f297a57a5a743894a0e4a801fc3', 76275987, 1, 'img_producto.png', 1),
(2, 3, 'Sebastian', 'Perez Gutierrez', 'sebas', '0d40d9aea2b3b5a149dc34495fff0a0a', 7528864, 2, 'img_producto.png', 1),
(3, 1, 'Fernando ', 'Murguia', 'Fernando37', 'cebdd715d4ecaafee8f147c2e85e0754', 76587, 2, 'img_producto.png', 1),
(4, 2, 'Alguien', 'Nombre', 'Alguien', '7815696ecbf1c96e6894b779456d330e', 123, 1, 'img_producto.png', 1),
(5, 1, 'asda', 'asfas', 'bjsdbfjh', '24357c8440cb1a296ef06a4f0826460e', 123165465, 1, 'img_producto.png', 0),
(6, 1, 'asdva', 'sasj', 'kkjasbn', '1bceebf8d874660d9c29457c830e9dbe', 54687686, 1, 'img_producto.png', 0),
(7, 1, 'asdc', 'asd', 'asd', '7815696ecbf1c96e6894b779456d330e', 456132, 1, 'img_producto.png', 0),
(8, 1, 'bhbj', 'klkjl', 'jlkjsld', 'cf52a88a8f44f922637d53a49ceebc50', 456789, 3, 'img_producto.png', 0),
(9, 1, 'bhjhbhj', 'bjkbsjdb', 'bjkbasdkjf', '13bee1c5f5928c660fb2c00ce8964cf4', 125, 1, 'img_producto.png', 0),
(10, 1, 'sdas', 'asdas', 'afasfa', '5056c14f303fabcc8e0b4f90d5ccb900', 256456465, 1, 'img_producto.png', 0),
(11, 1, 'bhjbhjb', 'ioioioirq', 'oiyu', '7d1435bda821791b99b65df9a8491741', 7896546, 1, 'img_producto.png', 0),
(12, 3, 'sdas', 'hghhtet', 'sdf', '84d9cfc2f395ce883a41d7ffc1bbcf4e', 564654, 3, 'img_producto.png', 0),
(13, 3, 'poior', 'vidaurre', 'Vida', 'e71bd1525007dd7221a3c8a8187eefeb', 4561123, 3, 'img_producto.png', 0),
(14, 1, 'adsaaa', 'juliana', 'juli', '87359bbec7574c911493bd02e239f2ce', 4545, 3, 'img_producto.png', 0),
(15, 2, 'kjjjkjk', 'jjkjkjk', 'jkjkjk', '4ac3c7989fc9f5e7866ffbd90e0038dd', 44666465, 3, 'img_producto.png', 0),
(16, 2, 'asbkb', 'kbkbk', 'bkbjbkj', '162655150fe374623d791bb79075d35e', 4654651, 3, 'img_producto.png', 0),
(17, 1, 'asd', 'asd', 'sad', 'd1028fe4e017e65d1a840ad32851f151', 1231654654, 3, 'img_d07eab8217b7327778397bc6bde80f88.jpg', 0),
(18, 1, 'Mariano', 'Bondar', 'Mari', 'd40b913237b22c538b948e7e44aeb9cf', 7456512, 2, 'img_producto.png', 1),
(19, 3, 'Bluetooth', 'Tot', 'Tot', '107afce58404d79767d68ca62fdeb6c5', 6555, 1, 'img_producto.png', 0),
(20, 1, 'asda', 'asddadsda', 'das', '2a6571da26602a67be14ea8c5ab82349', 6516, 1, 'img_producto.png', 0),
(21, 1, 'khkjlhjh', 'ghgjkhj', 'khjkjkh', '3b3d5e182d8f0dbddb60179828848f60', 654654, 2, 'img_producto.png', 0),
(22, 1, 'cvbfgnghm', 'fhffhfg', 'htrhrthrth', '28c4e9da7c6cea034848923d71928c4d', 534654, 1, 'img_producto.png', 0),
(23, 1, 'Myles', 'Morales', 'Mark', 'ea82410c7a9991816b5eeeebe195e20a', 71124563, 2, 'img_021c00fd05d1a834319ef36ee917ff4e.jpg', 1),
(24, 1, 'David', 'Pinto', 'David', '172522ec1028ab781d9dfd17eaca4427', 76275987, 2, 'img_e0b89a1971ce054815b239a9be9269b5.jpg', 1),
(25, 3, 'cris', 'cris', 'cris', '7bb0bb352ffb2f5245f25149889a0c76', 754567, 1, 'img_cbc9a25a526468ebc478c69644d66501.jpg', 0),
(26, 1, 'Juan', 'Nogales', 'Juanito', '0aa1ea9a5a04b78d4581dd6d17742627', 784564654, 3, 'img_producto.png', 1),
(27, 1, '7487878787878', 'delamano', '87878', '92ad56ab29e347d1779a07879d38c67a', 787787, 2, 'img_producto.png', 0),
(28, 1, 'Cristhian Alan', 'Boyan Cordova', 'Boyancito', 'ea1607b6f29cc9a38deb5124e31f4f6f', 744567897, 2, 'img_producto.png', 1),
(29, 1, 'sad', 'dasd', 'asdasd', '7815696ecbf1c96e6894b779456d330e', 6464, 2, 'img_producto.png', 1),
(30, 2, 'Alan', 'Cordova', 'alan', '02558a70324e7c4f269c69825450cec8', 7474484, 2, 'img_producto.png', 1),
(31, 2, 'Juana', 'Perez', 'Juana', 'a8f5f167f44f4964e6c998dee827110c', 754647, 1, 'img_cceed16c63e7b19b812760525509d940.jpg', 1),
(32, 2, 'Pepi', 'To', 'pepi', '7815696ecbf1c96e6894b779456d330e', 76275986, 1, 'img_producto.png', 0);

--
-- Índices para tablas volcadas
--

--
-- Indices de la tabla `cargo`
--
ALTER TABLE `cargo`
  ADD PRIMARY KEY (`idcargo`);

--
-- Indices de la tabla `datos_sensores`
--
ALTER TABLE `datos_sensores`
  ADD PRIMARY KEY (`idarduino`),
  ADD KEY `idinvernadero` (`idinvernadero`);

--
-- Indices de la tabla `entradas`
--
ALTER TABLE `entradas`
  ADD PRIMARY KEY (`correlativo`),
  ADD KEY `idfrutilla` (`idfrutilla`),
  ADD KEY `idfrutilla_2` (`idfrutilla`),
  ADD KEY `usuarioid` (`usuario_id`);

--
-- Indices de la tabla `espacios`
--
ALTER TABLE `espacios`
  ADD PRIMARY KEY (`ides`);

--
-- Indices de la tabla `eventos`
--
ALTER TABLE `eventos`
  ADD PRIMARY KEY (`id`);

--
-- Indices de la tabla `invernadero`
--
ALTER TABLE `invernadero`
  ADD PRIMARY KEY (`idinvernadero`),
  ADD KEY `idusuario` (`idusuario`);

--
-- Indices de la tabla `invernaderos`
--
ALTER TABLE `invernaderos`
  ADD PRIMARY KEY (`id`);

--
-- Indices de la tabla `registro_produccion`
--
ALTER TABLE `registro_produccion`
  ADD PRIMARY KEY (`idfrutilla`),
  ADD KEY `idusuario` (`usuario_id`),
  ADD KEY `idinvernadero` (`idinvernadero`),
  ADD KEY `idusuario_2` (`usuario_id`),
  ADD KEY `espacio` (`espacio`);

--
-- Indices de la tabla `respuestas`
--
ALTER TABLE `respuestas`
  ADD PRIMARY KEY (`id`);

--
-- Indices de la tabla `sensor`
--
ALTER TABLE `sensor`
  ADD PRIMARY KEY (`id`);

--
-- Indices de la tabla `usuario`
--
ALTER TABLE `usuario`
  ADD PRIMARY KEY (`idusuario`),
  ADD KEY `cargo` (`cargo`);

--
-- AUTO_INCREMENT de las tablas volcadas
--

--
-- AUTO_INCREMENT de la tabla `cargo`
--
ALTER TABLE `cargo`
  MODIFY `idcargo` int(11) NOT NULL AUTO_INCREMENT, AUTO_INCREMENT=4;
--
-- AUTO_INCREMENT de la tabla `datos_sensores`
--
ALTER TABLE `datos_sensores`
  MODIFY `idarduino` int(11) NOT NULL AUTO_INCREMENT, AUTO_INCREMENT=12;
--
-- AUTO_INCREMENT de la tabla `entradas`
--
ALTER TABLE `entradas`
  MODIFY `correlativo` int(11) NOT NULL AUTO_INCREMENT, AUTO_INCREMENT=36;
--
-- AUTO_INCREMENT de la tabla `espacios`
--
ALTER TABLE `espacios`
  MODIFY `ides` int(11) NOT NULL AUTO_INCREMENT, AUTO_INCREMENT=9;
--
-- AUTO_INCREMENT de la tabla `eventos`
--
ALTER TABLE `eventos`
  MODIFY `id` int(11) NOT NULL AUTO_INCREMENT, AUTO_INCREMENT=2;
--
-- AUTO_INCREMENT de la tabla `invernadero`
--
ALTER TABLE `invernadero`
  MODIFY `idinvernadero` int(11) NOT NULL AUTO_INCREMENT, AUTO_INCREMENT=2;
--
-- AUTO_INCREMENT de la tabla `invernaderos`
--
ALTER TABLE `invernaderos`
  MODIFY `id` int(10) UNSIGNED NOT NULL AUTO_INCREMENT, AUTO_INCREMENT=2;
--
-- AUTO_INCREMENT de la tabla `registro_produccion`
--
ALTER TABLE `registro_produccion`
  MODIFY `idfrutilla` int(11) NOT NULL AUTO_INCREMENT, AUTO_INCREMENT=42;
--
-- AUTO_INCREMENT de la tabla `respuestas`
--
ALTER TABLE `respuestas`
  MODIFY `id` int(11) NOT NULL AUTO_INCREMENT;
--
-- AUTO_INCREMENT de la tabla `sensor`
--
ALTER TABLE `sensor`
  MODIFY `id` int(11) NOT NULL AUTO_INCREMENT, AUTO_INCREMENT=735;
--
-- AUTO_INCREMENT de la tabla `usuario`
--
ALTER TABLE `usuario`
  MODIFY `idusuario` int(11) NOT NULL AUTO_INCREMENT, AUTO_INCREMENT=33;
--
-- Restricciones para tablas volcadas
--

--
-- Filtros para la tabla `datos_sensores`
--
ALTER TABLE `datos_sensores`
  ADD CONSTRAINT `datos_sensores_ibfk_1` FOREIGN KEY (`idinvernadero`) REFERENCES `invernadero` (`idinvernadero`);

--
-- Filtros para la tabla `entradas`
--
ALTER TABLE `entradas`
  ADD CONSTRAINT `entradas_ibfk_1` FOREIGN KEY (`usuario_id`) REFERENCES `usuario` (`idusuario`),
  ADD CONSTRAINT `entradas_ibfk_2` FOREIGN KEY (`idfrutilla`) REFERENCES `registro_produccion` (`idfrutilla`);

--
-- Filtros para la tabla `invernadero`
--
ALTER TABLE `invernadero`
  ADD CONSTRAINT `invernadero_ibfk_1` FOREIGN KEY (`idusuario`) REFERENCES `usuario` (`idusuario`);

--
-- Filtros para la tabla `registro_produccion`
--
ALTER TABLE `registro_produccion`
  ADD CONSTRAINT `registro_produccion_ibfk_1` FOREIGN KEY (`usuario_id`) REFERENCES `usuario` (`idusuario`),
  ADD CONSTRAINT `registro_produccion_ibfk_2` FOREIGN KEY (`idinvernadero`) REFERENCES `invernadero` (`idinvernadero`),
  ADD CONSTRAINT `registro_produccion_ibfk_3` FOREIGN KEY (`espacio`) REFERENCES `espacios` (`ides`);

--
-- Filtros para la tabla `usuario`
--
ALTER TABLE `usuario`
  ADD CONSTRAINT `usuario_ibfk_1` FOREIGN KEY (`cargo`) REFERENCES `cargo` (`idcargo`);

/*!40101 SET CHARACTER_SET_CLIENT=@OLD_CHARACTER_SET_CLIENT */;
/*!40101 SET CHARACTER_SET_RESULTS=@OLD_CHARACTER_SET_RESULTS */;
/*!40101 SET COLLATION_CONNECTION=@OLD_COLLATION_CONNECTION */;
